{
  "name": "patches",
  "title": "System Patches",
  "description": "Personal collection of patches to core and system scripts.",
  "version": "0.1.2",
  "author": "trdischat",
  "scripts": ["patchClass.js", "patchFog.js", "patchDice.js", "patchSound.js"],
  "styles": [],
  "packs": []
  "url": "https://github.com/trdischat/fvtt/patches",
  "manifest": "https://github.com/trdischat/fvtt/patches/raw/master/module.json",
  "download": "https://github.com/trdischat/fvtt/patches/raw/master/patches.zip"
}
