{
  "name": "patches",
  "title": "System Patches",
  "description": "Personal collection of patches to core and system scripts.",
  "version": "0.1.8",
  "author": "trdischat",
  "scripts": ["./scripts/patchClass.js", "./scripts/patchDice.js", "./scripts/patchSound.js"],
  "styles": ["./css/patchStyles.css"],
  "packs": [],
  "url": "https://github.com/trdischat/fvtt/tree/master/patches",
  "manifest": "https://github.com/trdischat/fvtt/raw/master/patches/module.json",
  "download": "https://github.com/trdischat/fvtt/raw/master/patches/patches.zip"
}
