{
  "name": "conditions5e",
  "title": "D&D 5e Conditions",
  "description": "This module alters the effects in the Token HUD for D&D 5e conditions.",
  "version": "0.0.2",
  "minimumCoreVersion": "0.3.4",
  "author": "trdischat",
  "systems": ["dnd5e"],
  "scripts": ["main.js"],
  "styles": [],
  "packs": [],
  "url": "https://github.com/trdischat/fvtt/tree/master/conditions5e",
  "manifest": "https://github.com/trdischat/fvtt/raw/master/conditions5e/module.json",
  "download": "https://github.com/trdischat/fvtt/raw/master/conditions5e/conditions5e.zip"
}
